Workbook

Sheet 리뷰원본
A1: 날짜 | B1: 플랫폼 | C1: 별점 | D1: 리뷰 | E1: 테마
A2: 2026-06-22 | B2: 네이버 | C2: 5 | D2: 치즈케이크가 입에서 녹아요. 직접 굽는 디저트라 확실히 다름 | E2: 디저트
A3: 2026-06-22 | B3: 카카오맵 | C3: 4 | D3: 아메리카노 산미 밸런스 좋고 조용해서 작업하기 좋아요 | E3: 맛
A4: 2026-06-23 | B4: 인스타 | C4: 5 | D4: 크로플 겉바속촉 최고. 성수동 디저트 맛집 인정 | E4: 디저트
A5: 2026-06-23 | B5: 네이버 | C5: 2 | D5: 맛은 좋은데 주말에 30분 넘게 기다렸어요. 자리가 너무 적음 | E5: 대기시간
A6: 2026-06-24 | B6: 카카오맵 | C6: 5 | D6: 바닐라라떼 안 달고 딱 좋아요. 우드톤 인테리어 아늑함 | E6: 분위기
A7: 2026-06-25 | B7: 네이버 | C7: 4 | D7: 디저트 가격이 살짝 있지만 퀄리티 생각하면 납득 | E7: 가격
A8: 2026-06-25 | B8: 인스타 | C8: 5 | D8: 사장님이 메뉴 하나하나 설명해주셔서 좋았어요 | E8: 친절
A9: 2026-06-26 | B9: 카카오맵 | C9: 3 | D9: 평일 점심 테이크아웃 줄이 길어요. 회전이 느린 편 | E9: 대기시간
A10: 2026-06-26 | B10: 네이버 | C10: 5 | D10: 자몽에이드 상큼하고 치즈케이크랑 조합 좋아요 | E10: 맛
A11: 2026-06-27 | B11: 인스타 | C11: 2 | D11: 토요일 오후에 갔더니 치즈케이크 품절 + 대기 40분. 두 번 허탕 | E11: 대기시간
A12: 2026-06-28 | B12: 네이버 | C12: 5 | D12: 카공하기 최고. 콘센트 많고 눈치 안 보여서 단골 됨 | E12: 분위기
A13: 2026-06-29 | B13: 카카오맵 | C13: 4 | D13: 크로플이랑 카푸치노 조합 추천. 매장이 깨끗해요 | E13: 청결
... A21: 2026-07-05 | B21: 카카오맵 | C21: 5 | D21: 여름 신메뉴 기대돼요. 매장 항상 깔끔하게 관리됨 | E21: 청결

Sheet VoC분석
A1: 데일리브루 손님 리뷰 VoC 분석 (2026-06-22 ~ 07-05, 20건)
A3: ① 별점 분포 | D3: ② 테마별 리뷰 수 (피벗) | H3: ③ 부정 리뷰(별점≤2) 테마 Top3
A4: 별점 | B4: 리뷰 수 | D4: 테마 | E4: 전체 | F4: 부정(≤2점) | H4: 순위 | I4: 테마 | J4: 건수
A5: 1 | B5: =COUNTIF(리뷰원본!$C$2:$C$21,A5) | D5: 맛 | E5: =COUNTIF(리뷰원본!$E$2:$E$21,D5) | F5: =COUNTIFS(리뷰원본!$E$2:$E$21,D5,리뷰원본!$C$2:$C$21,"<=2") | H5: 1 | I5: =IF(J5=0,"—",INDEX($D$5:$D$11,MATCH(J5,$F$5:$F$11,0))) | J5: =LARGE($F$5:$F$11,1)
A6: 2 | B6: =COUNTIF(리뷰원본!$C$2:$C$21,A6) | D6: 분위기 | E6: =COUNTIF(리뷰원본!$E$2:$E$21,D6) | F6: =COUNTIFS(리뷰원본!$E$2:$E$21,D6,리뷰원본!$C$2:$C$21,"<=2") | H6: 2 | I6: =IF(J6=0,"—",INDEX($D$5:$D$11,MATCH(J6,$F$5:$F$11,0))) | J6: =LARGE($F$5:$F$11,2)
A7: 3 | B7: =COUNTIF(리뷰원본!$C$2:$C$21,A7) | D7: 디저트 | E7: =COUNTIF(리뷰원본!$E$2:$E$21,D7) | F7: =COUNTIFS(리뷰원본!$E$2:$E$21,D7,리뷰원본!$C$2:$C$21,"<=2") | H7: 3 | I7: =IF(J7=0,"—",INDEX($D$5:$D$11,MATCH(J7,$F$5:$F$11,0))) | J7: =LARGE($F$5:$F$11,3)
A8: 4 | B8: =COUNTIF(리뷰원본!$C$2:$C$21,A8) | D8: 대기시간 | E8: =COUNTIF(리뷰원본!$E$2:$E$21,D8) | F8: =COUNTIFS(리뷰원본!$E$2:$E$21,D8,리뷰원본!$C$2:$C$21,"<=2")
A9: 5 | B9: =COUNTIF(리뷰원본!$C$2:$C$21,A9) | D9: 가격 | E9: =COUNTIF(리뷰원본!$E$2:$E$21,D9) | F9: =COUNTIFS(리뷰원본!$E$2:$E$21,D9,리뷰원본!$C$2:$C$21,"<=2")
A10: 합계 | B10: =SUM(B5:B9) | D10: 친절 | E10: =COUNTIF(리뷰원본!$E$2:$E$21,D10) | F10: =COUNTIFS(리뷰원본!$E$2:$E$21,D10,리뷰원본!$C$2:$C$21,"<=2")
A11: 평균 별점 | B11: =ROUND(AVERAGE(리뷰원본!$C$2:$C$21),2) | D11: 청결 | E11: =COUNTIF(리뷰원본!$E$2:$E$21,D11) | F11: =COUNTIFS(리뷰원본!$E$2:$E$21,D11,리뷰원본!$C$2:$C$21,"<=2")
A14: ④ 핵심 인사이트
A15: • 긍정 축: 디저트(직접 굽는 치즈케이크·크로플)와 맛 — 5점 리뷰의 중심.
A16: • 부정 1위: 대기시간 — 부정 리뷰 전부가 주말·점심 웨이팅/품절/회전 문제.
A17: • 액션: ① 주말 치즈케이크 증량(품절 방지) ② 점심 선포장 테이크아웃 ③ 대기 안내(예상시간) 도입.
