Workbook

Sheet 원본
A1: QUARTER · Q1 거래 원본 (2026-03 ~ 2026-05)
A2: 날짜 | B2: 구분 | C2: 카테고리 | D2: 항목 | E2: 금액
A3: 46082 | B3: 비용 | C3: 임대료 | D3: 3월 임대료 | E3: 1200000
A4: 46083 | B4: 비용 | C4: 재료비 | D4: 원두·우유·재료 | E4: 1540000
A5: 46089 | B5: 매출 | C5: 음료 | D5: 주중 음료 매출 | E5: 2300000
A6: 46093 | B6: 비용 | C6: 마케팅 | D6: 인스타 광고 | E6: 300000
A7: 46099 | B7: 매출 | C7: 디저트 | D7: 케이크·쿠키 | E7: 1820000
A8: 46103 | B8: 매출 | C8: 음료 | D8: 주말 음료 매출 | E8: 2050000
A9: 46106 | B9: 비용 | C9: 인건비 | D9: 아르바이트 급여 | E9: 1760000
A10: 46109 | B10: 매출 | C10: 원두판매 | D10: 원두 소매 | E10: 640000
A11: 46113 | B11: 비용 | C11: 임대료 | D11: 4월 임대료 | E11: 1200000
A12: 46114 | B12: 비용 | C12: 재료비 | D12: 원두·우유·재료 | E12: 1680000
A13: 46121 | B13: 매출 | C13: 음료 | D13: 주중 음료 매출 | E13: 2560000
A14: 46126 | B14: 비용 | C14: 마케팅 | D14: 인스타 광고·전단 | E14: 450000
... A26: 46171 | B26: 매출 | C26: 원두판매 | D26: 원두 소매 | E26: 820000

Sheet 월별요약
A1: 월별 손익 요약 (SUMIFS)
A3: 월 | B3: 매출 | C3: 비용 | D3: 영업이익
A4: 3월 | B4: =SUMIFS('원본'!$E:$E,'원본'!$B:$B,"매출",'원본'!$A:$A,">="&DATE(2026,3,1),'원본'!$A:$A,"<"&DATE(2026,4,1)) | C4: =SUMIFS('원본'!$E:$E,'원본'!$B:$B,"비용",'원본'!$A:$A,">="&DATE(2026,3,1),'원본'!$A:$A,"<"&DATE(2026,4,1)) | D4: =B4-C4
A5: 4월 | B5: =SUMIFS('원본'!$E:$E,'원본'!$B:$B,"매출",'원본'!$A:$A,">="&DATE(2026,4,1),'원본'!$A:$A,"<"&DATE(2026,5,1)) | C5: =SUMIFS('원본'!$E:$E,'원본'!$B:$B,"비용",'원본'!$A:$A,">="&DATE(2026,4,1),'원본'!$A:$A,"<"&DATE(2026,5,1)) | D5: =B5-C5
A6: 5월 | B6: =SUMIFS('원본'!$E:$E,'원본'!$B:$B,"매출",'원본'!$A:$A,">="&DATE(2026,5,1),'원본'!$A:$A,"<"&DATE(2026,6,1)) | C6: =SUMIFS('원본'!$E:$E,'원본'!$B:$B,"비용",'원본'!$A:$A,">="&DATE(2026,5,1),'원본'!$A:$A,"<"&DATE(2026,6,1)) | D6: =B6-C6
A7: 합계 | B7: =SUM(B4:B6) | C7: =SUM(C4:C6) | D7: =SUM(D4:D6)
A9: 카테고리별 매출 (피벗)
A10: 카테고리 | B10: 3월 | C10: 4월 | D10: 5월 | E10: 합계
A11: 음료 | B11: =SUMIFS('원본'!$E:$E,'원본'!$C:$C,$A11,'원본'!$B:$B,"매출",'원본'!$A:$A,">="&DATE(2026,3,1),'원본'!$A:$A,"<"&DATE(2026,4,1)) | C11: =SUMIFS('원본'!$E:$E,'원본'!$C:$C,$A11,'원본'!$B:$B,"매출",'원본'!$A:$A,">="&DATE(2026,4,1),'원본'!$A:$A,"<"&DATE(2026,5,1)) | D11: =SUMIFS('원본'!$E:$E,'원본'!$C:$C,$A11,'원본'!$B:$B,"매출",'원본'!$A:$A,">="&DATE(2026,5,1),'원본'!$A:$A,"<"&DATE(2026,6,1)) | E11: =SUM(B11:D11)
A12: 디저트 | B12: =SUMIFS('원본'!$E:$E,'원본'!$C:$C,$A12,'원본'!$B:$B,"매출",'원본'!$A:$A,">="&DATE(2026,3,1),'원본'!$A:$A,"<"&DATE(2026,4,1)) | C12: =SUMIFS('원본'!$E:$E,'원본'!$C:$C,$A12,'원본'!$B:$B,"매출",'원본'!$A:$A,">="&DATE(2026,4,1),'원본'!$A:$A,"<"&DATE(2026,5,1)) | D12: =SUMIFS('원본'!$E:$E,'원본'!$C:$C,$A12,'원본'!$B:$B,"매출",'원본'!$A:$A,">="&DATE(2026,5,1),'원본'!$A:$A,"<"&DATE(2026,6,1)) | E12: =SUM(B12:D12)
A13: 원두판매 | B13: =SUMIFS('원본'!$E:$E,'원본'!$C:$C,$A13,'원본'!$B:$B,"매출",'원본'!$A:$A,">="&DATE(2026,3,1),'원본'!$A:$A,"<"&DATE(2026,4,1)) | C13: =SUMIFS('원본'!$E:$E,'원본'!$C:$C,$A13,'원본'!$B:$B,"매출",'원본'!$A:$A,">="&DATE(2026,4,1),'원본'!$A:$A,"<"&DATE(2026,5,1)) | D13: =SUMIFS('원본'!$E:$E,'원본'!$C:$C,$A13,'원본'!$B:$B,"매출",'원본'!$A:$A,">="&DATE(2026,5,1),'원본'!$A:$A,"<"&DATE(2026,6,1)) | E13: =SUM(B13:D13)
A14: 합계 | B14: =SUM(B11:B13) | C14: =SUM(C11:C13) | D14: =SUM(D11:D13) | E14: =SUM(E11:E13)
