Workbook

Sheet 가정(입력)
A1: 여덟 시 반 — 창업 가정 (전부 여기서 수정 → 다른 시트 자동 재계산)
A2: 근거: 가산동 실매물(네모 2026-07 검색) · 카페 창업비용 벤치마크 · 2026 최저시급 확정치
A4: A. 입지 (가산 오피스 골목 10평, 실매물 근거)
A5: 보증금 | B5: 30000000 | C5: 실매물: 16.5평 1층 보3,000 — 오피스 상권 표준
A6: 월세(VAT 별도) | B6: 2000000 | C6: 실매물: 16.5평 월250 / 식당 월300 → 10평 골목 보정 ~200
A7: 관리비(월) | B7: 200000
A8: 권리금 | B8: 50000000 | C8: 실매물: 권6,000~8,000 — 골목 보정 5,000 (오피스 상권 권리금 高)
A10: B. 초기투자 (개설비)
A11: 인테리어 평당 | B11: 2500000 | C11: 픽업 바 최소 구성 — 벤치마크 하단
A12: 평수 | B12: 10
A13: 인테리어 합계 | B13: =B11*B12
A14: 장비 (머신·그라인더·제빙기·오븐·쇼케이스·냉장) | B14: 15000000 | C14: 2그룹 머신 600~800 포함, 일부 중고 시 -30%
A15: 집기·가구·소품 | B15: 2000000
A16: 초도물품·인허가·POS·간판·사전주문 채널 | B16: 5000000
A17: 예비비 | B17: 5000000 | C17: 공사 지연·초기 적자 버퍼
A18: 개설비 합계 (권리금 포함) | B18: =B8+B13+B14+B15+B16+B17
A19: 총투자 (보증금 포함) | B19: =B18+B5
A21: C. 운영 가정
A22: 원가율(재료비, 음료+박스 혼합) | B22: 0.32 | C22: 음료 25~30% + 디저트박스 40% 혼합
A23: 카드수수료·소모품 등 변동잡비율 | B23: 0.03
A24: 알바 시급 (2026 최저임금) | B24: 10320 | C24: 2026 확정 10,320원
A25: 알바 주당 시간 (아침·점심 러시 커버) | B25: 25
A26: 주휴 등 부대계수 | B26: 1.25
A27: 알바비(월) | B27: =B24*B25*4.33*B26
A28: 공과금·통신·보험(월) | B28: 600000
A29: 마케팅(월) | B29: 200000 | C29: B2B 영업·인플루언서 체험 포함
A30: 사장 목표 월급(생활비) | B30: 3000000
A31: 월 영업일수 | B31: 26 | C31: 주말 단축 — 실질 26일 환산

Sheet 손익 시나리오
A1: 월 손익 시나리오 — 벤치마크 기반 3안
A2: 보수 = 오피스 상권 10평 평균(월 800만) · 기본 = 시뮬 수준(B2B 안착) · 낙관 = B2B 확장
A4: 항목 | B4: ① 보수 (오피스 평균) | C4: ② 기본 (시뮬=B2B 안착) | D4: ③ 낙관 (B2B 확장)
A5: 월매출 | B5: 8000000 | C5: 16000000 | D5: 20000000
A6: 일매출 (÷영업일) | B6: =B5/'가정(입력)'!B31 | C6: =C5/'가정(입력)'!B31 | D6: =D5/'가정(입력)'!B31
A7: 재료비 (원가율) | B7: =-B5*'가정(입력)'!B22 | C7: =-C5*'가정(입력)'!B22 | D7: =-D5*'가정(입력)'!B22
A8: 변동잡비 (수수료 등) | B8: =-B5*'가정(입력)'!B23 | C8: =-C5*'가정(입력)'!B23 | D8: =-D5*'가정(입력)'!B23
A9: 공헌이익 | B9: =B5+B7+B8 | C9: =C5+C7+C8 | D9: =D5+D7+D8
A10: 월세+VAT | B10: =-'가정(입력)'!B6*1.1 | C10: =-'가정(입력)'!B6*1.1 | D10: =-'가정(입력)'!B6*1.1
A11: 관리비 | B11: =-'가정(입력)'!B7 | C11: =-'가정(입력)'!B7 | D11: =-'가정(입력)'!B7
A12: 알바비 | B12: =-'가정(입력)'!B27 | C12: =-'가정(입력)'!B27 | D12: =-'가정(입력)'!B27
A13: 공과금·통신·보험 | B13: =-'가정(입력)'!B28 | C13: =-'가정(입력)'!B28 | D13: =-'가정(입력)'!B28
A14: 마케팅 | B14: =-'가정(입력)'!B29 | C14: =-'가정(입력)'!B29 | D14: =-'가정(입력)'!B29
A15: 영업이익 (사장 월급 前) | B15: =B9+SUM(B10:B14) | C15: =C9+SUM(C10:C14) | D15: =D9+SUM(D10:D14)
A16: 사장 월급 차감 | B16: =-'가정(입력)'!B30 | C16: =-'가정(입력)'!B30 | D16: =-'가정(입력)'!B30
A17: 순이익 (사장 월급 後) | B17: =B15+B16 | C17: =C15+C16 | D17: =D15+D16
A18: 투자 회수기간 (영업이익 기준, 개월) | B18: =IF(B15>0,'가정(입력)'!B18/B15,"회수 불가") | C18: =IF(C15>0,'가정(입력)'!B18/C15,"회수 불가") | D18: =IF(D15>0,'가정(입력)'!B18/D15,"회수 불가")

Sheet BEP·판정
A1: 손익분기(BEP) & 생존 매출 — 이 카페가 성립하는 조건
A3: 고정비 & 변동비율 (가정 시트에서 자동)
A4: 월 고정비 합계 | B4: ='가정(입력)'!B6*1.1+'가정(입력)'!B7+'가정(입력)'!B27+'가정(입력)'!B28+'가정(입력)'!B29
A5: 변동비율 (원가+잡비) | B5: ='가정(입력)'!B22+'가정(입력)'!B23
A6: 공헌이익률 | B6: =1-B5
A8: ① 손익분기 (사장 월급 0원 — '버티는' 선)
A9: BEP 월매출 | B9: =B4/B6
A10: BEP 일매출 | B10: =B9/'가정(입력)'!B31
A12: ② 생존 매출 (사장 월급 확보 — '사는' 선)
A13: 필요 월매출 | B13: =(B4+'가정(입력)'!B30)/B6
A14: 필요 일매출 | B14: =B13/'가정(입력)'!B31
A15: =객단가 9,000원 기준 하루 손님 | B15: =B14/9000 | C15: 페어링 세트 12,000 + 단품 5,000 혼합 객단가
A17: ③ 벤치마크와 비교 (정직 판정)
A18: 오피스 상권 10평 이하 '평균' 매출 | B18: 8000000 | C18: 월 800만 전후 (업계) — 개인 손님만으로 가능한 선
A19: 주거상권 10평 개인카페 흔한 매출 (참고) | B19: 4500000 | C19: 월 400~500만 — 망원 '오후 네 시' 비교용
A20: 우리 '생존 매출' (위 ②) | B20: =B13 | C20: 이만큼 팔아야 사장 월급 300 나옴
A21: 기존 2주 시뮬 데이터 수준 | B21: 16000000 | C21: B2B 박스가 매출 27%일 때 — 검증 대상
A23: 판정: 오피스 평균(월 800만)으로는 사장 월급이 안 나온다 — 개인 커피만 팔면 평균에 수렴한다.
A24: 'B2B 디저트박스+구독'으로 평균의 2배(월 1,185만·일 45.6만)를 넘는 것이 이 창업의 성립 조건.
